[
  {
    "Id": 1,
    "Course": "Nhai đồ ăn và không phát ra tiếng ",
    "Result": "YES"
  },
  {
    "Id": 2,
    "Course": "Bò dưới bàn ăn ",
    "Result": "NO"
  },
  {
    "Id": 3,
    "Course": "Lau miệng vào tay áo ",
    "Result": "NO"
  },
  {
    "Id": 4,
    "Course": "Giơ tay trong lớp khi muốn phát biểu ",
    "Result": "YES"
  },
  {
    "Id": 5,
    "Course": "Nói \"cảm ơn\" tới người bồi bàn khi họ đem ra đồ ăn ra ",
    "Result": "YES"
  },
  {
    "Id": 6,
    "Course": "Trả lại đồ đã mượn và nói cảm ơn ",
    "Result": "YES"
  },
  {
    "Id": 7,
    "Course": "Nói chuyện vói mọi người khi miệng đang đầy đồ ăn ",
    "Result": "NO"
  },
  {
    "Id": 8,
    "Course": "Chờ thang máy và bí mật đá em mình một cái ",
    "Result": "NO"
  },
  {
    "Id": 9,
    "Course": "Thỉnh thoảng hét thật to trong bữa ăn ",
    "Result": "NO"
  },
  {
    "Id": 10,
    "Course": "Ngồi yên ở ghế trong bữa ăn ",
    "Result": "YES"
  },
  {
    "Id": 11,
    "Course": "Thứ món ăn mới và nhè ra rồi kêu ầm lên rằng nó không ngon ",
    "Result": "NO"
  },
  {
    "Id": 12,
    "Course": "Gõ cửa phòng trước khi bước vào phòng người khác ",
    "Result": "YES"
  },
  {
    "Id": 13,
    "Course": "Hỏi mượn đồ của người khác trước khi dùng ",
    "Result": "YES"
  },
  {
    "Id": 14,
    "Course": "Ợ hơi thành tiếng ",
    "Result": "NO"
  },
  {
    "Id": 15,
    "Course": "Nói : \"Cho con xin….\" khi muốn lấy chai sốt cà chua ",
    "Result": "YES"
  },
  {
    "Id": 16,
    "Course": "Nhận quà từ người lớn tặng bằng 1 tay ",
    "Result": "NO"
  },
  {
    "Id": 17,
    "Course": "Nhỗ bã kẹo cao su và bí mật bỏ lên ghế ",
    "Result": "YES"
  },
  {
    "Id": 18,
    "Course": "Đi vệ sinh xong và không xả nước ",
    "Result": "NO"
  },
  {
    "Id": 19,
    "Course": "Gác chân lên ghế của người bên cạnh ",
    "Result": "NO"
  },
  {
    "Id": 20,
    "Course": "Vào thang máy chờ người trong thang máy ra hết mới vào bước thang máy ",
    "Result": "YES"
  },
  {
    "Id": 21,
    "Course": "Lau tay vào giấy ăn khi bị dính bẩn ",
    "Result": "YES"
  },
  {
    "Id": 22,
    "Course": "LuIdn giữ bàn học và chỗ ngồi sạch sẽ",
    "Result": "YES"
  },
  {
    "Id": 23,
    "Course": "Hút nước từ ống hút thành tiếng rột rột ",
    "Result": "NO"
  },
  {
    "Id": 24,
    "Course": "Vơ tất cả quần áo và nhét vào tủ đồ ",
    "Result": "NO"
  },
  {
    "Id": 25,
    "Course": "Bỏ tập bút vào hoc bàn không có âm thanh ",
    "Result": "YES"
  },
  {
    "Id": 26,
    "Course": "Che miệng và nói xin lỗi nếu bị ợ hơi hay hắt xì",
    "Result": "YES"
  },
  {
    "Id": 27,
    "Course": "Xếp hàng thẳng trật tự và không đùa giỡn ",
    "Result": "YES"
  },
  {
    "Id": 28,
    "Course": "Rửa tay và vẩy nước xuống sàn nhà ",
    "Result": "NO"
  }
]